.model,lb_stat,lb_pvalue
arima_auto,12.533491762492293,0.25093621067054994
arima_drift,10.689374786425411,0.38222502021850047
arima_no_drift,10.998682058743835,0.3576206916692417
